Protocollo;Gruppo;DataOraIncidente;Localizzazione1;STRADA1;Localizzazione2;STRADA2;Strada02;Chilometrica;DaSpecificare;NaturaIncidente;particolaritastrade;TipoStrada;FondoStradale;Pavimentazione;Segnaletica;CondizioneAtmosferica;Traffico;Visibilita;Illuminazione;NUM_FERITI;NUM_RISERVATA;NUM_MORTI;NUM_ILLESI;Longitudine;Latitudine;Confermato;Progressivo;TipoVeicolo;StatoVeicolo;TipoPersona;Sesso;Tipolesione;Deceduto;DecedutoDopo;CinturaCascoUtilizzato;Airbag
2802564;2;05/05/2016 16:10;Strada Urbana;VIA DELLE VALLI;all'intersezione semaforizzata con;PIAZZA GONDAR;PIAZZA GONDAR;;;Tamponamento;Intersezione semaforizzata;Una carreggiata a doppio senso;Bagnato (umidità in atto);Asfaltata;Verticale ed orizzontale;Nuvoloso;Normale;Buona;Ore Diurne;0;0;0;2;12,52395;41,93592;-1;1;Autovettura privata;In marcia / fermata / arresto;Conducente;F;Illeso;0;;Non accertato;Inesploso
2802564;2;05/05/2016 16:10;Strada Urbana;VIA DELLE VALLI;all'intersezione semaforizzata con;PIAZZA GONDAR;PIAZZA GONDAR;;;Tamponamento;Intersezione semaforizzata;Una carreggiata a doppio senso;Bagnato (umidità in atto);Asfaltata;Verticale ed orizzontale;Nuvoloso;Normale;Buona;Ore Diurne;0;0;0;2;12,52395;41,93592;-1;2;Autovettura privata;In marcia / fermata / arresto;Conducente;F;Illeso;0;;Non accertato;Inesploso
2802600;9;05/05/2016 16:30;Strada Urbana;VIA APPIA NUOVA;da specificare;;;;in prossimità di VIALE FURIO CAMILLO;Scontro laterale fra veicoli in marcia;Rettilineo;Due carreggiate;Asciutto;Asfaltata;Verticale ed orizzontale;Nuvoloso;Normale;Buona;Ore Diurne;0;0;0;2;12,52296;41,87491;-1;1;Autobus di linea;In marcia / fermata / arresto;Conducente;M;Illeso;0;;Non accertato;Inesistente
2802600;9;05/05/2016 16:30;Strada Urbana;VIA APPIA NUOVA;da specificare;;;;in prossimità di VIALE FURIO CAMILLO;Scontro laterale fra veicoli in marcia;Rettilineo;Due carreggiate;Asciutto;Asfaltata;Verticale ed orizzontale;Nuvoloso;Normale;Buona;Ore Diurne;0;0;0;2;12,52296;41,87491;-1;2;Autovettura privata;In marcia / fermata / arresto;Conducente;M;Illeso;0;;Non accertato;Inesploso
2802651;13;05/05/2016 14:00;Strada Urbana;VIA DEI PESCATORI;da specificare;;;;ALT. PALO LUCE N.75;Veicolo in marcia contro ostacolo fisso;Rettilineo;Una carreggiata a doppio senso;Asciutto;Asfaltata;Verticale ed orizzontale;Sereno;Normale;Buona;Ore Diurne;1;0;0;0;12,30282;41,71939;-1;1;Quadriciclo leggero;In marcia / fermata / arresto;Conducente;F;Rimandato;0;NON DECEDUTO;Non accertato;Inesploso
2802894;10;05/05/2016 08:50;Statale;VIA APPIA NUOVA;in corrispondenza;;del civico n.;999;;Tamponamento;Rettilineo;Una carreggiata a senso unico di marcia;Asciutto;Asfaltata;Verticale ed orizzontale;Sereno;Normale;Buona;Ore Diurne;0;0;0;2;12,55289;41,83509;-1;1;Motociclo a solo;In marcia / fermata / arresto;Conducente;M;Illeso;0;;Non accertato;
2802894;10;05/05/2016 08:50;Statale;VIA APPIA NUOVA;in corrispondenza;;del civico n.;999;;Tamponamento;Rettilineo;Una carreggiata a senso unico di marcia;Asciutto;Asfaltata;Verticale ed orizzontale;Sereno;Normale;Buona;Ore Diurne;0;0;0;2;12,55289;41,83509;-1;2;Motociclo a solo;In marcia / fermata / arresto;Conducente;M;Illeso;0;;Non accertato;
2802913;10;05/05/2016 11:30;Strada Urbana;VIA APPIA NUOVA;da specificare;;;;dir fuori rm 100 mt svincolo gra;Scontro laterale fra veicoli in marcia;Rettilineo;Due carreggiate;Asciutto;Asfaltata;Verticale ed orizzontale;Sereno;Intenso;Buona;Ore Diurne;0;0;0;3;12,5516;41,83656;-1;1;Autovettura privata;In marcia / fermata / arresto;Conducente;M;Illeso;0;;Non accertato;Inesploso
2802913;10;05/05/2016 11:30;Strada Urbana;VIA APPIA NUOVA;da specificare;;;;dir fuori rm 100 mt svincolo gra;Scontro laterale fra veicoli in marcia;Rettilineo;Due carreggiate;Asciutto;Asfaltata;Verticale ed orizzontale;Sereno;Intenso;Buona;Ore Diurne;0;0;0;3;12,5516;41,83656;-1;2;Trattore stradale;In marcia / fermata / arresto;Conducente;M;Illeso;0;;Non accertato;Inesploso
2802913;10;05/05/2016 11:30;Strada Urbana;VIA APPIA NUOVA;da specificare;;;;dir fuori rm 100 mt svincolo gra;Scontro laterale fra veicoli in marcia;Rettilineo;Due carreggiate;Asciutto;Asfaltata;Verticale ed orizzontale;Sereno;Intenso;Buona;Ore Diurne;0;0;0;3;12,5516;41,83656;-1;3;Rimorchio;In marcia / fermata / arresto;Conducente;M;Illeso;0;;Non accertato;Inesploso
2802917;11;05/05/2016 16:40;Strada Urbana;VIALE GUGLIELMO MARCONI;all'intersezione con;LARGO GIUSEPPE VERATTI;LARGO GIUSEPPE VERATTI;;;Scontro laterale fra veicoli in marcia;Incrocio;Due carreggiate;Bagnato (pioggia);Asfaltata;Verticale ed orizzontale;Pioggia in atto;Normale;Buona;Ore Diurne;0;0;0;2;12,47301;41,85243;-1;1;Motociclo a solo;In marcia / fermata / arresto;Conducente;M;Illeso;0;;;
2802917;11;05/05/2016 16:40;Strada Urbana;VIALE GUGLIELMO MARCONI;all'intersezione con;LARGO GIUSEPPE VERATTI;LARGO GIUSEPPE VERATTI;;;Scontro laterale fra veicoli in marcia;Incrocio;Due carreggiate;Bagnato (pioggia);Asfaltata;Verticale ed orizzontale;Pioggia in atto;Normale;Buona;Ore Diurne;0;0;0;2;12,47301;41,85243;-1;2;Autovettura privata;In marcia / fermata / arresto;Conducente;F;Illeso;0;;Non accertato;Inesploso
2802925;7;05/05/2016 23:10;Strada Urbana;VIA CASILINA;in corrispondenza;;del civico n.;1831;;Scontro frontale/laterale DX fra veicoli in marcia;Rettilineo;Una carreggiata a doppio senso;Asciutto;Asfaltata;Verticale ed orizzontale;Sereno;Scarso;Buona;Insufficiente;1;0;0;2;12,68552;41,86266;-1;1;Autovettura privata;In marcia / fermata / arresto;Conducente;M;Rimandato;0;NON DECEDUTO;;
2802925;7;05/05/2016 23:10;Strada Urbana;VIA CASILINA;in corrispondenza;;del civico n.;1831;;Scontro frontale/laterale DX fra veicoli in marcia;Rettilineo;Una carreggiata a doppio senso;Asciutto;Asfaltata;Verticale ed orizzontale;Sereno;Scarso;Buona;Insufficiente;1;0;0;2;12,68552;41,86266;-1;2;Autovettura privata;In marcia / fermata / arresto;Conducente;M;Illeso;0;;;
2802925;7;05/05/2016 23:10;Strada Urbana;VIA CASILINA;in corrispondenza;;del civico n.;1831;;Scontro frontale/laterale DX fra veicoli in marcia;Rettilineo;Una carreggiata a doppio senso;Asciutto;Asfaltata;Verticale ed orizzontale;Sereno;Scarso;Buona;Insufficiente;1;0;0;2;12,68552;41,86266;-1;2;Autovettura privata;In marcia / fermata / arresto;Passeggero;F;Illeso;0;;;
2802930;7;05/05/2016 10:00;Strada Urbana;VIA DI TOR TRE TESTE;in corrispondenza;;del civico n.;246;;Scontro laterale fra veicoli in marcia;Rettilineo;Una carreggiata a doppio senso;Asciutto;Asfaltata;Orizzontale;Sereno;Normale;Buona;Ore Diurne;1;0;0;3;12,59121;41,8934;-1;1;Motociclo con passeggero;In marcia / fermata / arresto;Conducente;M;Rimandato;0;NON DECEDUTO;Utilizzato;
2802930;7;05/05/2016 10:00;Strada Urbana;VIA DI TOR TRE TESTE;in corrispondenza;;del civico n.;246;;Scontro laterale fra veicoli in marcia;Rettilineo;Una carreggiata a doppio senso;Asciutto;Asfaltata;Orizzontale;Sereno;Normale;Buona;Ore Diurne;1;0;0;3;12,59121;41,8934;-1;2;Autovettura privata;In marcia / fermata / arresto;Conducente;M;Illeso;0;;Non accertato;Inesploso
2802930;7;05/05/2016 10:00;Strada Urbana;VIA DI TOR TRE TESTE;in corrispondenza;;del civico n.;246;;Scontro laterale fra veicoli in marcia;Rettilineo;Una carreggiata a doppio senso;Asciutto;Asfaltata;Orizzontale;Sereno;Normale;Buona;Ore Diurne;1;0;0;3;12,59121;41,8934;-1;2;Autovettura privata;In marcia / fermata / arresto;Passeggero;F;Illeso;0;;Non accertato;Inesploso
2802930;7;05/05/2016 10:00;Strada Urbana;VIA DI TOR TRE TESTE;in corrispondenza;;del civico n.;246;;Scontro laterale fra veicoli in marcia;Rettilineo;Una carreggiata a doppio senso;Asciutto;Asfaltata;Orizzontale;Sereno;Normale;Buona;Ore Diurne;1;0;0;3;12,59121;41,8934;-1;2;Autovettura privata;In marcia / fermata / arresto;Passeggero;F;Illeso;0;;Non accertato;Inesploso
2802933;11;05/05/2016 15:00;Strada Urbana;VIA VALCO DI S. PAOLO;da specificare;;;;intersezione VIALE G. MARCONI;Tamponamento;Rettilineo;Una carreggiata a doppio senso;Asciutto;Asfaltata;Verticale ed orizzontale;Sereno;Normale;Buona;Ore Diurne;0;0;0;2;12,47334;41,85238;-1;1;Autovettura privata;In marcia / fermata / arresto;Conducente;F;Illeso;0;;Non accertato;Inesploso
2802933;11;05/05/2016 15:00;Strada Urbana;VIA VALCO DI S. PAOLO;da specificare;;;;intersezione VIALE G. MARCONI;Tamponamento;Rettilineo;Una carreggiata a doppio senso;Asciutto;Asfaltata;Verticale ed orizzontale;Sereno;Normale;Buona;Ore Diurne;0;0;0;2;12,47334;41,85238;-1;2;Autovettura privata;In marcia / fermata / arresto;Conducente;F;Illeso;0;;Non accertato;Inesploso
2802935;9;06/05/2016 06:25;Strada Urbana;VIA APPIA NUOVA;in prossimità;;del civico n.;470;;Scontro frontale/laterale SX fra veicoli in marcia;Rettilineo;Due carreggiate;Asciutto;Asfaltata;Orizzontale;Sereno;Scarso;Buona;Ore Diurne;1;0;0;1;12,52374;41,87405;-1;1;Autocarro inferiore 35 q.;In marcia / fermata / arresto;Conducente;M;Illeso;0;;Non accertato;
2802935;9;06/05/2016 06:25;Strada Urbana;VIA APPIA NUOVA;in prossimità;;del civico n.;470;;Scontro frontale/laterale SX fra veicoli in marcia;Rettilineo;Due carreggiate;Asciutto;Asfaltata;Orizzontale;Sereno;Scarso;Buona;Ore Diurne;1;0;0;1;12,52374;41,87405;-1;2;Motociclo a solo;In marcia / fermata / arresto;Conducente;M;Rimandato;0;NON DECEDUTO;Non accertato;
2802937;6;05/05/2016 19:00;Strada Urbana;VIA DELLA MARRANELLA;in corrispondenza;;del civico n.;27;;Scontro laterale fra veicoli in marcia;Rettilineo;Una carreggiata a senso unico di marcia;Bagnato (pioggia);Asfaltata;Orizzontale;Pioggia in atto;Normale;Buona;Sufficiente;0;0;0;2;12,54227;41,88158;-1;1;Autovettura privata;In marcia / fermata / arresto;Conducente;M;Illeso;0;;;
2802937;6;05/05/2016 19:00;Strada Urbana;VIA DELLA MARRANELLA;in corrispondenza;;del civico n.;27;;Scontro laterale fra veicoli in marcia;Rettilineo;Una carreggiata a senso unico di marcia;Bagnato (pioggia);Asfaltata;Orizzontale;Pioggia in atto;Normale;Buona;Sufficiente;0;0;0;2;12,54227;41,88158;-1;2;Autocarro inferiore 35 q.;In marcia / fermata / arresto;Conducente;M;Illeso;0;;;
2802942;20;05/05/2016 07:30;Strada Urbana;VIALE DI TOR DI QUINTO;in corrispondenza;;del civico n.;63;;Scontro frontale/laterale DX fra veicoli in marcia;Rettilineo;Più di due carreggiate;Asciutto;Asfaltata;Verticale ed orizzontale;Sereno;Normale;Buona;Ore Diurne;1;0;0;1;12,48197;41,94178;-1;1;Autovettura privata;In marcia / fermata / arresto;Conducente;M;Illeso;0;;Non accertato;Inesploso
2802942;20;05/05/2016 07:30;Strada Urbana;VIALE DI TOR DI QUINTO;in corrispondenza;;del civico n.;63;;Scontro frontale/laterale DX fra veicoli in marcia;Rettilineo;Più di due carreggiate;Asciutto;Asfaltata;Verticale ed orizzontale;Sereno;Normale;Buona;Ore Diurne;1;0;0;1;12,48197;41,94178;-1;2;Motociclo a solo;In marcia / fermata / arresto;Conducente;M;Rimandato;0;NON DECEDUTO;;
2802946;20;05/05/2016 19:15;Strada Urbana;VIA FRASSINETO;in corrispondenza;;del civico n.;61;;Veicolo in marcia contro veicolo in sosta;Rettilineo;Una carreggiata a doppio senso;Bagnato (pioggia);Asfaltata;Verticale ed orizzontale;Pioggia in atto;Normale;Buona;Ore Diurne;0;0;0;1;12,49133;41,99869;-1;1;Quadriciclo leggero;In marcia / fermata / arresto;Conducente;M;Illeso;0;;;
2802948;10;05/05/2016 19:40;Strada Urbana;VIA TUSCOLANA;in prossimità;;del civico n.;910;;Infortunio per caduta del veicolo;Rettilineo;Due carreggiate;Bagnato (pioggia);Asfaltata;Verticale ed orizzontale;Pioggia in atto;Scarso;Buona;Sufficiente;0;0;0;1;12,55082;41,86271;-1;1;Motociclo a solo;In marcia / fermata / arresto;Conducente;M;Illeso;0;;Non accertato;
2802949;11;05/05/2016 16:10;Strada Urbana;VIA OSTIENSE;all'intersezione con;CIRCONVALLAZIONE OSTIENSE;CIRCONVALLAZIONE OSTIENSE;;;Scontro laterale fra veicoli in marcia;Intersezione semaforizzata;Più di due carreggiate;Asciutto;Asfaltata;Verticale ed orizzontale;Nuvoloso;Normale;Buona;Ore Diurne;1;0;0;1;12,47953;41,86771;-1;1;Autovettura privata;In marcia / fermata / arresto;Conducente;M;Illeso;0;;;
2802949;11;05/05/2016 16:10;Strada Urbana;VIA OSTIENSE;all'intersezione con;CIRCONVALLAZIONE OSTIENSE;CIRCONVALLAZIONE OSTIENSE;;;Scontro laterale fra veicoli in marcia;Intersezione semaforizzata;Più di due carreggiate;Asciutto;Asfaltata;Verticale ed orizzontale;Nuvoloso;Normale;Buona;Ore Diurne;1;0;0;1;12,47953;41,86771;-1;2;Autovettura privata;In marcia / fermata / arresto;Conducente;M;Rimandato;0;NON DECEDUTO;;
2802950;5;05/05/2016 18:10;Strada Urbana;VIA DEI MONTI TIBURTINI;da specificare;;;;alt. svincolo Via Monti di Pietralata ;Scontro laterale fra veicoli in marcia;Rettilineo;Due carreggiate;Bagnato (pioggia);Asfaltata;Verticale ed orizzontale;Nuvoloso;Normale;Buona;Ore Diurne;0;0;0;3;12,5302;41,92071;-1;1;Autovettura privata;In marcia / fermata / arresto;Conducente;F;Illeso;0;;Non accertato;
2802950;5;05/05/2016 18:10;Strada Urbana;VIA DEI MONTI TIBURTINI;da specificare;;;;alt. svincolo Via Monti di Pietralata ;Scontro laterale fra veicoli in marcia;Rettilineo;Due carreggiate;Bagnato (pioggia);Asfaltata;Verticale ed orizzontale;Nuvoloso;Normale;Buona;Ore Diurne;0;0;0;3;12,5302;41,92071;-1;2;Autovettura privata;In marcia / fermata / arresto;Conducente;M;Illeso;0;;Non accertato;
2802950;5;05/05/2016 18:10;Strada Urbana;VIA DEI MONTI TIBURTINI;da specificare;;;;alt. svincolo Via Monti di Pietralata ;Scontro laterale fra veicoli in marcia;Rettilineo;Due carreggiate;Bagnato (pioggia);Asfaltata;Verticale ed orizzontale;Nuvoloso;Normale;Buona;Ore Diurne;0;0;0;3;12,5302;41,92071;-1;2;Autovettura privata;In marcia / fermata / arresto;Passeggero;M;Illeso;0;;Non accertato;
2802954;5;05/05/2016 18:30;Strada Urbana;VIA TIBURTINA;da specificare;;;;all'altezza di VIA DI CASAL BRUCIATO;Tamponamento Multiplo;Rettilineo;Due carreggiate;Bagnato (pioggia);Asfaltata;Verticale ed orizzontale;Pioggia in atto;Normale;Buona;Ore Diurne;0;0;0;5;12,54563;41,90877;-1;1;Autovettura privata;In marcia / fermata / arresto;Conducente;M;Illeso;0;;Non accertato;Inesploso
2802954;5;05/05/2016 18:30;Strada Urbana;VIA TIBURTINA;da specificare;;;;all'altezza di VIA DI CASAL BRUCIATO;Tamponamento Multiplo;Rettilineo;Due carreggiate;Bagnato (pioggia);Asfaltata;Verticale ed orizzontale;Pioggia in atto;Normale;Buona;Ore Diurne;0;0;0;5;12,54563;41,90877;-1;2;Autovettura privata;In marcia / fermata / arresto;Conducente;M;Illeso;0;;Non accertato;Inesploso
2802954;5;05/05/2016 18:30;Strada Urbana;VIA TIBURTINA;da specificare;;;;all'altezza di VIA DI CASAL BRUCIATO;Tamponamento Multiplo;Rettilineo;Due carreggiate;Bagnato (pioggia);Asfaltata;Verticale ed orizzontale;Pioggia in atto;Normale;Buona;Ore Diurne;0;0;0;5;12,54563;41,90877;-1;2;Autovettura privata;In marcia / fermata / arresto;Passeggero;F;Illeso;0;;Non accertato;Inesploso
2802954;5;05/05/2016 18:30;Strada Urbana;VIA TIBURTINA;da specificare;;;;all'altezza di VIA DI CASAL BRUCIATO;Tamponamento Multiplo;Rettilineo;Due carreggiate;Bagnato (pioggia);Asfaltata;Verticale ed orizzontale;Pioggia in atto;Normale;Buona;Ore Diurne;0;0;0;5;12,54563;41,90877;-1;3;Autovettura privata;In marcia / fermata / arresto;Conducente;M;Illeso;0;;Non accertato;Inesploso
2802954;5;05/05/2016 18:30;Strada Urbana;VIA TIBURTINA;da specificare;;;;all'altezza di VIA DI CASAL BRUCIATO;Tamponamento Multiplo;Rettilineo;Due carreggiate;Bagnato (pioggia);Asfaltata;Verticale ed orizzontale;Pioggia in atto;Normale;Buona;Ore Diurne;0;0;0;5;12,54563;41,90877;-1;3;Autovettura privata;In marcia / fermata / arresto;Passeggero;F;Illeso;0;;Non accertato;Inesploso
2802957;15;05/05/2016 18:10;Strada Urbana;VIA FRANCESCO SAVERIO SOLARI;in corrispondenza;;del civico n.;8;;Veicolo in marcia contro veicolo in sosta;Rettilineo;Una carreggiata a senso unico di marcia;Asciutto;Asfaltata;Verticale ed orizzontale;Sereno;Scarso;Buona;Ore Diurne;0;0;0;1;12,45661;41,86316;-1;1;Autovettura privata;In marcia / fermata / arresto;Conducente;F;Illeso;0;;Utilizzato;
2802959;5;05/05/2016 16:45;Strada Urbana;VIA DEL CASALE DI S. BASILIO;all'intersezione con;VIA FABRIANO;VIA FABRIANO;;;Infortunio per sola frenata improvvisa;Incrocio;Una carreggiata a doppio senso;Bagnato (pioggia);Asfaltata;Verticale ed orizzontale;Nuvoloso;Normale;Buona;Ore Diurne;1;0;0;1;12,58057;41,93722;-1;1;Motociclo a solo;In marcia / fermata / arresto;Conducente;F;Rimandato;0;NON DECEDUTO;Non accertato;
2802959;5;05/05/2016 16:45;Strada Urbana;VIA DEL CASALE DI S. BASILIO;all'intersezione con;VIA FABRIANO;VIA FABRIANO;;;Infortunio per sola frenata improvvisa;Incrocio;Una carreggiata a doppio senso;Bagnato (pioggia);Asfaltata;Verticale ed orizzontale;Nuvoloso;Normale;Buona;Ore Diurne;1;0;0;1;12,58057;41,93722;-1;2;Autovettura privata;In marcia / fermata / arresto;Conducente;M;Illeso;0;;Non utilizzato;Inesploso
2802963;13;05/05/2016 11:05;Strada Urbana;VIALE DELLE REPUBBLICHE MARINARE;in prossimità;;del civico n.;118;;Veicolo in marcia contro veicolo fermo;Rettilineo;Due carreggiate;Asciutto;Asfaltata;Verticale ed orizzontale;Sereno;Normale;Buona;Ore Diurne;0;0;0;2;12,27002;41,73677;-1;1;Autovettura privata;In marcia / fermata / arresto;Conducente;M;Illeso;0;;Non accertato;Inesploso
2802963;13;05/05/2016 11:05;Strada Urbana;VIALE DELLE REPUBBLICHE MARINARE;in prossimità;;del civico n.;118;;Veicolo in marcia contro veicolo fermo;Rettilineo;Due carreggiate;Asciutto;Asfaltata;Verticale ed orizzontale;Sereno;Normale;Buona;Ore Diurne;0;0;0;2;12,27002;41,73677;-1;2;Autovettura privata;In marcia / fermata / arresto;Conducente;F;Illeso;0;;Non accertato;Inesploso
2802966;5;05/05/2016 23:40;Strada Urbana;VIA DONATO MENICHELLA;all'intersezione con;VIA COSTANTINO MORTATI;VIA COSTANTINO MORTATI;;;Scontro frontale/laterale DX fra veicoli in marcia;Intersezione stradale segnalata;Una carreggiata a senso unico di marcia;Asciutto;Asfaltata;Verticale ed orizzontale;Nuvoloso;Scarso;Buona;Sufficiente;0;0;0;3;12,58677;41,94745;-1;1;Autovettura privata;In marcia / fermata / arresto;Conducente;M;Illeso;0;;Non accertato;Inesploso
2802966;5;05/05/2016 23:40;Strada Urbana;VIA DONATO MENICHELLA;all'intersezione con;VIA COSTANTINO MORTATI;VIA COSTANTINO MORTATI;;;Scontro frontale/laterale DX fra veicoli in marcia;Intersezione stradale segnalata;Una carreggiata a senso unico di marcia;Asciutto;Asfaltata;Verticale ed orizzontale;Nuvoloso;Scarso;Buona;Sufficiente;0;0;0;3;12,58677;41,94745;-1;2;Autovettura privata;In marcia / fermata / arresto;Conducente;M;Illeso;0;;Non accertato;Esploso
2802966;5;05/05/2016 23:40;Strada Urbana;VIA DONATO MENICHELLA;all'intersezione con;VIA COSTANTINO MORTATI;VIA COSTANTINO MORTATI;;;Scontro frontale/laterale DX fra veicoli in marcia;Intersezione stradale segnalata;Una carreggiata a senso unico di marcia;Asciutto;Asfaltata;Verticale ed orizzontale;Nuvoloso;Scarso;Buona;Sufficiente;0;0;0;3;12,58677;41,94745;-1;2;Autovettura privata;In marcia / fermata / arresto;Passeggero;F;Illeso;0;;Non accertato;Esploso
2802968;20;05/05/2016 18:20;Strada Urbana;PIAZZA LAURO DE BOSIS;da specificare;;;;fronte obelisco;Scontro laterale fra veicoli in marcia;Rotatoria;Due carreggiate;Asciutto;Asfaltata;Orizzontale;Sereno;Normale;Buona;Ore Diurne;1;0;0;1;12,45861;41,93174;-1;1;Autovettura privata;In marcia / fermata / arresto;Conducente;M;Illeso;0;;Non accertato;Inesploso
2802968;20;05/05/2016 18:20;Strada Urbana;PIAZZA LAURO DE BOSIS;da specificare;;;;fronte obelisco;Scontro laterale fra veicoli in marcia;Rotatoria;Due carreggiate;Asciutto;Asfaltata;Orizzontale;Sereno;Normale;Buona;Ore Diurne;1;0;0;1;12,45861;41,93174;-1;2;Motociclo a solo;In marcia / fermata / arresto;Conducente;M;Rifiuta cure immediate;0;NON DECEDUTO;Non accertato;
2802972;5;05/05/2016 18:00;Strada Urbana;VIA FRANCESCO PAOLO BONIFACIO;in prossimità;;del civico n.;139;;Veicolo in marcia contro ostacolo accidentale;Rettilineo;Due carreggiate;Asciutto;Asfaltata;Assente;Nuvoloso;Normale;Buona;Ore Diurne;0;0;0;2;12,58167;41,95196;-1;1;Autovettura privata;In marcia / fermata / arresto;Conducente;F;Illeso;0;;Non accertato;Inesploso
2802972;5;05/05/2016 18:00;Strada Urbana;VIA FRANCESCO PAOLO BONIFACIO;in prossimità;;del civico n.;139;;Veicolo in marcia contro ostacolo accidentale;Rettilineo;Due carreggiate;Asciutto;Asfaltata;Assente;Nuvoloso;Normale;Buona;Ore Diurne;0;0;0;2;12,58167;41,95196;-1;1;Autovettura privata;In marcia / fermata / arresto;Passeggero;F;Illeso;0;;Non accertato;Inesploso
2802973;8;05/05/2016 23:00;Statale entro l'abitato;VIA CASILINA;in corrispondenza;;del civico n.;1604;;Veicolo in marcia contro ostacolo fisso;Rettilineo;Più di due carreggiate;Asciutto;Asfaltata;Verticale ed orizzontale;Sereno;Normale;Buona;Sufficiente;0;0;0;1;12,63641;41,86371;-1;1;Autovettura privata;In marcia / fermata / arresto;Conducente;M;Illeso;0;;Non accertato;Inesploso
2802975;11;05/05/2016 09:05;Strada Urbana;VIA OSTIENSE;in corrispondenza;;del civico n.;54;;Scontro laterale fra veicoli in marcia;Rettilineo;Più di due carreggiate;Asciutto;Asfaltata;Verticale ed orizzontale;Sereno;Normale;Buona;Ore Diurne;1;0;0;1;12,4798;41,87182;-1;1;Autovettura privata;In marcia / fermata / arresto;Conducente;M;Illeso;0;;Non accertato;Inesploso
2802975;11;05/05/2016 09:05;Strada Urbana;VIA OSTIENSE;in corrispondenza;;del civico n.;54;;Scontro laterale fra veicoli in marcia;Rettilineo;Più di due carreggiate;Asciutto;Asfaltata;Verticale ed orizzontale;Sereno;Normale;Buona;Ore Diurne;1;0;0;1;12,4798;41,87182;-1;2;Motociclo a solo;In marcia / fermata / arresto;Conducente;M;Rimandato;0;NON DECEDUTO;Non accertato;
2802997;10;06/05/2016 01:00;Strada Urbana;RAMPA G.R.A. CARREGGIATA ESTERNA;da specificare;;;;uscita 18 dir casilina;Veicolo in marcia contro ostacolo fisso;Rotatoria;Una carreggiata a senso unico di marcia;Asciutto;Asfaltata;Orizzontale;Sereno;Scarso;Sufficiente;Insufficiente;0;0;0;1;12,60151;41,864;-1;1;Autovettura privata;In marcia / fermata / arresto;Conducente;M;Illeso;0;;Non accertato;Inesploso
2803000;7;05/05/2016 12:10;Strada Urbana;VIALE PALMIRO TOGLIATTI;in corrispondenza;;del civico n.;606;;Tamponamento;Rettilineo;Due carreggiate;Asciutto;Asfaltata;Verticale ed orizzontale;Sereno;Normale;Buona;Ore Diurne;0;0;0;2;12,57225;41,87722;-1;1;Autovettura privata;In marcia / fermata / arresto;Conducente;M;Illeso;0;;Non accertato;Inesploso
2803000;7;05/05/2016 12:10;Strada Urbana;VIALE PALMIRO TOGLIATTI;in corrispondenza;;del civico n.;606;;Tamponamento;Rettilineo;Due carreggiate;Asciutto;Asfaltata;Verticale ed orizzontale;Sereno;Normale;Buona;Ore Diurne;0;0;0;2;12,57225;41,87722;-1;2;Veicolo speciale;In marcia / fermata / arresto;Conducente;M;Illeso;0;;Non accertato;Inesploso
2803004;19;05/05/2016 11:45;Strada Urbana;VIA DI TORREVECCHIA;in prossimità;;del civico n.;fr. civ. 156/a;;Infortunio per caduta del veicolo;Rettilineo;Una carreggiata a doppio senso;Asciutto;Asfaltata;Verticale ed orizzontale;Sereno;Normale;Buona;Ore Diurne;1;0;0;1;12,41963;41,93147;-1;1;Autobus di linea;In marcia / fermata / arresto;Passeggero;M;Rimandato;0;NON DECEDUTO;Esente;Inesistente
2803004;19;05/05/2016 11:45;Strada Urbana;VIA DI TORREVECCHIA;in prossimità;;del civico n.;fr. civ. 156/a;;Infortunio per caduta del veicolo;Rettilineo;Una carreggiata a doppio senso;Asciutto;Asfaltata;Verticale ed orizzontale;Sereno;Normale;Buona;Ore Diurne;1;0;0;1;12,41963;41,93147;-1;1;Autobus di linea;In marcia / fermata / arresto;Conducente;M;Illeso;0;;Non accertato;Inesistente
2803005;20;05/05/2016 17:30;Strada Urbana;VIA DEL FORO ITALICO;da specificare;;;;altezza CORSO DI FRANCIA;Tamponamento;Rettilineo;Due carreggiate;Asciutto;Asfaltata;Verticale ed orizzontale;Nuvoloso;Normale;Buona;Ore Diurne;0;0;0;4;12,47045;41,94054;-1;1;Autovettura privata;In marcia / fermata / arresto;Passeggero;M;Illeso;0;;;
2803005;20;05/05/2016 17:30;Strada Urbana;VIA DEL FORO ITALICO;da specificare;;;;altezza CORSO DI FRANCIA;Tamponamento;Rettilineo;Due carreggiate;Asciutto;Asfaltata;Verticale ed orizzontale;Nuvoloso;Normale;Buona;Ore Diurne;0;0;0;4;12,47045;41,94054;-1;1;Autovettura privata;In marcia / fermata / arresto;Passeggero;F;Illeso;0;;Non accertato;
2803005;20;05/05/2016 17:30;Strada Urbana;VIA DEL FORO ITALICO;da specificare;;;;altezza CORSO DI FRANCIA;Tamponamento;Rettilineo;Due carreggiate;Asciutto;Asfaltata;Verticale ed orizzontale;Nuvoloso;Normale;Buona;Ore Diurne;0;0;0;4;12,47045;41,94054;-1;1;Autovettura privata;In marcia / fermata / arresto;Conducente;M;Illeso;0;;;Inesploso
2803005;20;05/05/2016 17:30;Strada Urbana;VIA DEL FORO ITALICO;da specificare;;;;altezza CORSO DI FRANCIA;Tamponamento;Rettilineo;Due carreggiate;Asciutto;Asfaltata;Verticale ed orizzontale;Nuvoloso;Normale;Buona;Ore Diurne;0;0;0;4;12,47045;41,94054;-1;2;Autobus turistico;In marcia / fermata / arresto;Conducente;M;Illeso;0;;;