Protocollo;Gruppo;DataOraIncidente;Localizzazione1;STRADA1;Localizzazione2;STRADA2;Strada02;Chilometrica;DaSpecificare;NaturaIncidente;particolaritastrade;TipoStrada;FondoStradale;Pavimentazione;Segnaletica;CondizioneAtmosferica;Traffico;Visibilita;Illuminazione;NUM_FERITI;NUM_RISERVATA;NUM_MORTI;NUM_ILLESI;Longitudine;Latitudine;Confermato;Progressivo;TipoVeicolo;StatoVeicolo;TipoPersona;Sesso;Tipolesione;Deceduto;DecedutoDopo;CinturaCascoUtilizzato;Airbag
2816799;11;14/05/2016 12:20;Strada Urbana;PONTE DELL'INDUSTRIA;da specificare;;;;prossimità via del Porto Fluviale;Tamponamento Multiplo;Rettilineo;Una carreggiata a doppio senso;Bagnato (pioggia);Asfaltata;Orizzontale;Pioggia in atto;Intenso;Buona;Ore Diurne;0;0;0;8;12,47152;41,87183;-1;3;Autovettura privata;In marcia / fermata / arresto;Conducente;M;Illeso;0;;Non accertato;Inesploso
2816799;11;14/05/2016 12:20;Strada Urbana;PONTE DELL'INDUSTRIA;da specificare;;;;prossimità via del Porto Fluviale;Tamponamento Multiplo;Rettilineo;Una carreggiata a doppio senso;Bagnato (pioggia);Asfaltata;Orizzontale;Pioggia in atto;Intenso;Buona;Ore Diurne;0;0;0;8;12,47152;41,87183;-1;3;Autovettura privata;In marcia / fermata / arresto;Passeggero;M;Illeso;0;;Non accertato;
2816799;11;14/05/2016 12:20;Strada Urbana;PONTE DELL'INDUSTRIA;da specificare;;;;prossimità via del Porto Fluviale;Tamponamento Multiplo;Rettilineo;Una carreggiata a doppio senso;Bagnato (pioggia);Asfaltata;Orizzontale;Pioggia in atto;Intenso;Buona;Ore Diurne;0;0;0;8;12,47152;41,87183;-1;3;Autovettura privata;In marcia / fermata / arresto;Passeggero;M;Illeso;0;;Non accertato;Inesploso
2816799;11;14/05/2016 12:20;Strada Urbana;PONTE DELL'INDUSTRIA;da specificare;;;;prossimità via del Porto Fluviale;Tamponamento Multiplo;Rettilineo;Una carreggiata a doppio senso;Bagnato (pioggia);Asfaltata;Orizzontale;Pioggia in atto;Intenso;Buona;Ore Diurne;0;0;0;8;12,47152;41,87183;-1;4;Autovettura privata;In marcia / fermata / arresto;Conducente;M;Illeso;0;;Non accertato;Inesploso
2816803;19;13/05/2016 22:00;Strada Urbana;VIA PIETRO GASPARRI;in corrispondenza;;del civico n.;95;;Veicolo in marcia contro veicoli in sosta;Rettilineo;Una carreggiata a doppio senso;Asciutto;Asfaltata;Verticale ed orizzontale;Sereno;Scarso;Buona;Sufficiente;1;0;0;0;12,41402;41,92392;-1;1;Autobus di linea;In marcia / fermata / arresto;Conducente;M;Rimandato;0;NON DECEDUTO;;
2816805;16;15/05/2016 22:55;Strada Urbana;VIADOTTO DELLA MAGLIANA;da specificare;;;;FRONTE prossimità VIA DEL CAPPELLACCIO;Tamponamento;Curva a visuale libera;Due carreggiate;Bagnato (pioggia);Asfaltata;Orizzontale;Pioggia in atto;Normale;Sufficiente;Sufficiente;1;0;0;5;12,46325;41,84187;-1;1;Autovettura privata;In marcia / fermata / arresto;Conducente;F;Illeso;0;;Non accertato;Inesploso
2816805;16;15/05/2016 22:55;Strada Urbana;VIADOTTO DELLA MAGLIANA;da specificare;;;;FRONTE prossimità VIA DEL CAPPELLACCIO;Tamponamento;Curva a visuale libera;Due carreggiate;Bagnato (pioggia);Asfaltata;Orizzontale;Pioggia in atto;Normale;Sufficiente;Sufficiente;1;0;0;5;12,46325;41,84187;-1;1;Autovettura privata;In marcia / fermata / arresto;Passeggero;F;Illeso;0;;Non accertato;Inesploso
2816805;16;15/05/2016 22:55;Strada Urbana;VIADOTTO DELLA MAGLIANA;da specificare;;;;FRONTE prossimità VIA DEL CAPPELLACCIO;Tamponamento;Curva a visuale libera;Due carreggiate;Bagnato (pioggia);Asfaltata;Orizzontale;Pioggia in atto;Normale;Sufficiente;Sufficiente;1;0;0;5;12,46325;41,84187;-1;2;Autovettura privata;In marcia / fermata / arresto;Conducente;M;Illeso;0;;Non accertato;Inesploso
2816805;16;15/05/2016 22:55;Strada Urbana;VIADOTTO DELLA MAGLIANA;da specificare;;;;FRONTE prossimità VIA DEL CAPPELLACCIO;Tamponamento;Curva a visuale libera;Due carreggiate;Bagnato (pioggia);Asfaltata;Orizzontale;Pioggia in atto;Normale;Sufficiente;Sufficiente;1;0;0;5;12,46325;41,84187;-1;2;Autovettura privata;In marcia / fermata / arresto;Passeggero;F;Rimandato;0;NON DECEDUTO;;
2816805;16;15/05/2016 22:55;Strada Urbana;VIADOTTO DELLA MAGLIANA;da specificare;;;;FRONTE prossimità VIA DEL CAPPELLACCIO;Tamponamento;Curva a visuale libera;Due carreggiate;Bagnato (pioggia);Asfaltata;Orizzontale;Pioggia in atto;Normale;Sufficiente;Sufficiente;1;0;0;5;12,46325;41,84187;-1;2;Autovettura privata;In marcia / fermata / arresto;Passeggero;M;Illeso;0;;Non accertato;Inesploso
2816805;16;15/05/2016 22:55;Strada Urbana;VIADOTTO DELLA MAGLIANA;da specificare;;;;FRONTE prossimità VIA DEL CAPPELLACCIO;Tamponamento;Curva a visuale libera;Due carreggiate;Bagnato (pioggia);Asfaltata;Orizzontale;Pioggia in atto;Normale;Sufficiente;Sufficiente;1;0;0;5;12,46325;41,84187;-1;2;Autovettura privata;In marcia / fermata / arresto;Passeggero;F;Illeso;0;;;
2816807;4;13/05/2016 11:00;Strada Urbana;VIA GIOVANNI ALFREDO CESAREO;in prossimità;;del civico n.;39;;Veicolo in marcia contro veicolo in sosta;Rettilineo;Una carreggiata a senso unico di marcia;Asciutto;Asfaltata;Assente;Sereno;Scarso;Buona;Ore Diurne;0;0;0;2;12,55797;41,94508;-1;2;Autovettura privata;In marcia / fermata / arresto;Conducente;M;Illeso;0;;;
2816807;4;13/05/2016 11:00;Strada Urbana;VIA GIOVANNI ALFREDO CESAREO;in prossimità;;del civico n.;39;;Veicolo in marcia contro veicolo in sosta;Rettilineo;Una carreggiata a senso unico di marcia;Asciutto;Asfaltata;Assente;Sereno;Scarso;Buona;Ore Diurne;0;0;0;2;12,55797;41,94508;-1;2;Autovettura privata;In marcia / fermata / arresto;Passeggero;M;Illeso;0;;;
2816812;10;15/05/2016 12:50;Strada Urbana;VIA EMANUELE CARNEVALE;all'intersezione con;VIA ARRIGO CAVAGLIERI;VIA ARRIGO CAVAGLIERI;;;Scontro frontale/laterale DX fra veicoli in marcia;Incrocio;Una carreggiata a doppio senso;Asciutto;Asfaltata;Verticale;Nuvoloso;Normale;Buona;Ore Diurne;0;0;0;3;12,60403;41,84829;-1;1;Autovettura privata;In marcia / fermata / arresto;Conducente;F;Illeso;0;;Utilizzato;Inesploso
2816812;10;15/05/2016 12:50;Strada Urbana;VIA EMANUELE CARNEVALE;all'intersezione con;VIA ARRIGO CAVAGLIERI;VIA ARRIGO CAVAGLIERI;;;Scontro frontale/laterale DX fra veicoli in marcia;Incrocio;Una carreggiata a doppio senso;Asciutto;Asfaltata;Verticale;Nuvoloso;Normale;Buona;Ore Diurne;0;0;0;3;12,60403;41,84829;-1;2;Autovettura privata;In marcia / fermata / arresto;Conducente;F;Illeso;0;;Non accertato;Inesploso
2816812;10;15/05/2016 12:50;Strada Urbana;VIA EMANUELE CARNEVALE;all'intersezione con;VIA ARRIGO CAVAGLIERI;VIA ARRIGO CAVAGLIERI;;;Scontro frontale/laterale DX fra veicoli in marcia;Incrocio;Una carreggiata a doppio senso;Asciutto;Asfaltata;Verticale;Nuvoloso;Normale;Buona;Ore Diurne;0;0;0;3;12,60403;41,84829;-1;2;Autovettura privata;In marcia / fermata / arresto;Passeggero;F;Illeso;0;;Utilizzato;Inesploso
2816817;2;14/05/2016 14:45;Strada Urbana;VIALE PARIOLI;in corrispondenza;;del civico n.;51;;Scontro frontale/laterale DX fra veicoli in marcia;Rettilineo;Una carreggiata a doppio senso;Bagnato (pioggia);Asfaltata;Verticale ed orizzontale;Pioggia in atto;Normale;Buona;Ore Diurne;1;0;0;1;12,48861;41,9255;-1;1;Autovettura privata;In marcia / fermata / arresto;Conducente;F;Illeso;0;;;
2816817;2;14/05/2016 14:45;Strada Urbana;VIALE PARIOLI;in corrispondenza;;del civico n.;51;;Scontro frontale/laterale DX fra veicoli in marcia;Rettilineo;Una carreggiata a doppio senso;Bagnato (pioggia);Asfaltata;Verticale ed orizzontale;Pioggia in atto;Normale;Buona;Ore Diurne;1;0;0;1;12,48861;41,9255;-1;2;Motociclo a solo;In marcia / fermata / arresto;Conducente;F;Rimandato;0;NON DECEDUTO;;
2816828;11;15/05/2016 23:55;Strada Urbana;VIA APPIA PIGNATELLI;in prossimità;;del palo luce n.;137;;Scontro frontale/laterale SX fra veicoli in marcia;Curva senza visuale libera;Una carreggiata a doppio senso;Bagnato (pioggia);Asfaltata;Orizzontale;Nuvoloso;Scarso;Buona;Sufficiente;0;0;0;4;12,5357;41,84614;-1;1;Autovettura privata;In marcia / fermata / arresto;Conducente;M;Illeso;0;;Non accertato;
2816828;11;15/05/2016 23:55;Strada Urbana;VIA APPIA PIGNATELLI;in prossimità;;del palo luce n.;137;;Scontro frontale/laterale SX fra veicoli in marcia;Curva senza visuale libera;Una carreggiata a doppio senso;Bagnato (pioggia);Asfaltata;Orizzontale;Nuvoloso;Scarso;Buona;Sufficiente;0;0;0;4;12,5357;41,84614;-1;1;Autovettura privata;In marcia / fermata / arresto;Passeggero;F;Illeso;0;;Non accertato;
2816828;11;15/05/2016 23:55;Strada Urbana;VIA APPIA PIGNATELLI;in prossimità;;del palo luce n.;137;;Scontro frontale/laterale SX fra veicoli in marcia;Curva senza visuale libera;Una carreggiata a doppio senso;Bagnato (pioggia);Asfaltata;Orizzontale;Nuvoloso;Scarso;Buona;Sufficiente;0;0;0;4;12,5357;41,84614;-1;1;Autovettura privata;In marcia / fermata / arresto;Passeggero;M;Illeso;0;;Non accertato;
2816828;11;15/05/2016 23:55;Strada Urbana;VIA APPIA PIGNATELLI;in prossimità;;del palo luce n.;137;;Scontro frontale/laterale SX fra veicoli in marcia;Curva senza visuale libera;Una carreggiata a doppio senso;Bagnato (pioggia);Asfaltata;Orizzontale;Nuvoloso;Scarso;Buona;Sufficiente;0;0;0;4;12,5357;41,84614;-1;2;Autovettura privata;In marcia / fermata / arresto;Conducente;F;Illeso;0;;Non accertato;
2816831;12;14/05/2016 14:30;Strada Urbana;VIA CRISTOFORO COLOMBO;da specificare;;;;DIREZIONE G.R.A. per V.LE AMERICA;Scontro laterale fra veicoli in marcia;Curva a visuale libera;Una carreggiata a senso unico di marcia;Bagnato (pioggia);Asfaltata;Verticale ed orizzontale;Pioggia in atto;Normale;Buona;Ore Diurne;1;0;0;1;12,46775;41,82654;-1;1;Autovettura privata;In marcia / fermata / arresto;Conducente;F;Rimandato;0;NON DECEDUTO;Non accertato;Inesploso
2816831;12;14/05/2016 14:30;Strada Urbana;VIA CRISTOFORO COLOMBO;da specificare;;;;DIREZIONE G.R.A. per V.LE AMERICA;Scontro laterale fra veicoli in marcia;Curva a visuale libera;Una carreggiata a senso unico di marcia;Bagnato (pioggia);Asfaltata;Verticale ed orizzontale;Pioggia in atto;Normale;Buona;Ore Diurne;1;0;0;1;12,46775;41,82654;-1;2;Autovettura privata;In marcia / fermata / arresto;Conducente;M;Illeso;0;;Utilizzato;Inesploso
2816839;16;13/05/2016 10:00;Strada Urbana;VIA VIRGINIA AGNELLI;in corrispondenza;;del civico n.;41;;Scontro laterale fra veicoli in marcia;Rettilineo;Due carreggiate;Asciutto;Asfaltata;Assente;Sereno;Normale;Buona;Ore Diurne;1;0;0;1;12,44795;41,86342;-1;1;Autocarro inferiore 35 q.;In marcia / fermata / arresto;Conducente;M;Illeso;0;;Non accertato;Inesploso
2816839;16;13/05/2016 10:00;Strada Urbana;VIA VIRGINIA AGNELLI;in corrispondenza;;del civico n.;41;;Scontro laterale fra veicoli in marcia;Rettilineo;Due carreggiate;Asciutto;Asfaltata;Assente;Sereno;Normale;Buona;Ore Diurne;1;0;0;1;12,44795;41,86342;-1;2;Motociclo a solo;In marcia / fermata / arresto;Conducente;M;Rimandato;0;NON DECEDUTO;Non accertato;
2816841;4;13/05/2016 11:30;Strada Urbana;VIA DI SETTEBAGNI;in prossimità;;del civico n.;197;;Scontro frontale/laterale DX fra veicoli in marcia;Rettilineo;Una carreggiata a doppio senso;Asciutto;Asfaltata;Orizzontale;Nuvoloso;Normale;Buona;Ore Diurne;1;0;0;1;12,52048;41,98652;-1;1;Autovettura privata;In marcia / fermata / arresto;Conducente;M;Illeso;0;;;
2816841;4;13/05/2016 11:30;Strada Urbana;VIA DI SETTEBAGNI;in prossimità;;del civico n.;197;;Scontro frontale/laterale DX fra veicoli in marcia;Rettilineo;Una carreggiata a doppio senso;Asciutto;Asfaltata;Orizzontale;Nuvoloso;Normale;Buona;Ore Diurne;1;0;0;1;12,52048;41,98652;-1;2;Motociclo a solo;In marcia / fermata / arresto;Conducente;M;Rifiuta cure immediate;0;NON DECEDUTO;;
2816842;5;15/05/2016 20:44;Strada Urbana;VIA DEI MONTI TIBURTINI;da specificare;;;;in prossimità VIA FERONIA ;Veicolo in marcia contro ostacolo accidentale;Rettilineo;Una carreggiata a senso unico di marcia;Bagnato (pioggia);Asfaltata;Verticale ed orizzontale;Pioggia in atto;Scarso;Sufficiente;Sufficiente;0;0;0;3;12,55036;41,91471;-1;1;Autovettura privata;In marcia / fermata / arresto;Conducente;F;Illeso;0;;Non accertato;
2816842;5;15/05/2016 20:44;Strada Urbana;VIA DEI MONTI TIBURTINI;da specificare;;;;in prossimità VIA FERONIA ;Veicolo in marcia contro ostacolo accidentale;Rettilineo;Una carreggiata a senso unico di marcia;Bagnato (pioggia);Asfaltata;Verticale ed orizzontale;Pioggia in atto;Scarso;Sufficiente;Sufficiente;0;0;0;3;12,55036;41,91471;-1;1;Autovettura privata;In marcia / fermata / arresto;Passeggero;F;Illeso;0;;Non accertato;
2816842;5;15/05/2016 20:44;Strada Urbana;VIA DEI MONTI TIBURTINI;da specificare;;;;in prossimità VIA FERONIA ;Veicolo in marcia contro ostacolo accidentale;Rettilineo;Una carreggiata a senso unico di marcia;Bagnato (pioggia);Asfaltata;Verticale ed orizzontale;Pioggia in atto;Scarso;Sufficiente;Sufficiente;0;0;0;3;12,55036;41,91471;-1;1;Autovettura privata;In marcia / fermata / arresto;Passeggero;F;Illeso;0;;Non accertato;
2816867;4;13/05/2016 12:50;Strada Urbana;VIA GIUSEPPE DE SANTIS;in prossimità;;del civico n.;19;;Scontro laterale fra veicoli in marcia;Rettilineo;Una carreggiata a doppio senso;Asciutto;Asfaltata;Verticale ed orizzontale;Sereno;Normale;Buona;Ore Diurne;0;0;0;2;12,5377;41,96555;-1;1;Autovettura privata;In marcia / fermata / arresto;Conducente;M;Illeso;0;;Non accertato;
2816867;4;13/05/2016 12:50;Strada Urbana;VIA GIUSEPPE DE SANTIS;in prossimità;;del civico n.;19;;Scontro laterale fra veicoli in marcia;Rettilineo;Una carreggiata a doppio senso;Asciutto;Asfaltata;Verticale ed orizzontale;Sereno;Normale;Buona;Ore Diurne;0;0;0;2;12,5377;41,96555;-1;2;Autovettura privata;In marcia / fermata / arresto;Conducente;M;Illeso;0;;Non accertato;
2816868;10;15/05/2016 19:00;Strada Urbana;VIA DEL CASALE FERRANTI;all'intersezione con;VIA MARIO BROGLIO;VIA MARIO BROGLIO;;;Scontro frontale/laterale DX fra veicoli in marcia;Incrocio;Una carreggiata a doppio senso;Asciutto;Asfaltata;Verticale ed orizzontale;Nuvoloso;Normale;Buona;Ore Diurne;0;0;0;2;12,58308;41,83469;-1;1;Autovettura privata;In marcia / fermata / arresto;Conducente;F;Illeso;0;;Non accertato;Inesploso
2816868;10;15/05/2016 19:00;Strada Urbana;VIA DEL CASALE FERRANTI;all'intersezione con;VIA MARIO BROGLIO;VIA MARIO BROGLIO;;;Scontro frontale/laterale DX fra veicoli in marcia;Incrocio;Una carreggiata a doppio senso;Asciutto;Asfaltata;Verticale ed orizzontale;Nuvoloso;Normale;Buona;Ore Diurne;0;0;0;2;12,58308;41,83469;-1;2;Autovettura privata;In marcia / fermata / arresto;Conducente;F;Illeso;0;;Non accertato;Inesploso
2816870;9;16/05/2016 09:05;Strada Urbana;PIAZZALE LABICANO;da specificare;;;;altezza palo acea 403;Investimento di pedone;Rettilineo;Più di due carreggiate;Asciutto;Asfaltata;Verticale ed orizzontale;Sereno;Intenso;Buona;Ore Diurne;1;0;0;1;12,5157;41,89162;-1;;;;Pedone;F;Ricoverato;0;NON DECEDUTO;;
2816870;9;16/05/2016 09:05;Strada Urbana;PIAZZALE LABICANO;da specificare;;;;altezza palo acea 403;Investimento di pedone;Rettilineo;Più di due carreggiate;Asciutto;Asfaltata;Verticale ed orizzontale;Sereno;Intenso;Buona;Ore Diurne;1;0;0;1;12,5157;41,89162;-1;1;Treno;In marcia / fermata / arresto;Conducente;M;Illeso;0;;Non accertato;
2816874;1;16/05/2016 05:00;Strada Urbana;PIAZZA VENEZIA;da specificare;;;;snc;Tamponamento;Rotatoria;Una carreggiata a senso unico di marcia;Asciutto;In cubetti di porfido;Verticale ed orizzontale;Sereno;Scarso;Sufficiente;Sufficiente;0;0;0;5;12,48217;41,89603;-1;1;Autovettura privata;In marcia / fermata / arresto;Conducente;F;Illeso;0;;Non accertato;
2816874;1;16/05/2016 05:00;Strada Urbana;PIAZZA VENEZIA;da specificare;;;;snc;Tamponamento;Rotatoria;Una carreggiata a senso unico di marcia;Asciutto;In cubetti di porfido;Verticale ed orizzontale;Sereno;Scarso;Sufficiente;Sufficiente;0;0;0;5;12,48217;41,89603;-1;1;Autovettura privata;In marcia / fermata / arresto;Passeggero;F;Illeso;0;;;
2816874;1;16/05/2016 05:00;Strada Urbana;PIAZZA VENEZIA;da specificare;;;;snc;Tamponamento;Rotatoria;Una carreggiata a senso unico di marcia;Asciutto;In cubetti di porfido;Verticale ed orizzontale;Sereno;Scarso;Sufficiente;Sufficiente;0;0;0;5;12,48217;41,89603;-1;1;Autovettura privata;In marcia / fermata / arresto;Passeggero;F;Illeso;0;;;
2816874;1;16/05/2016 05:00;Strada Urbana;PIAZZA VENEZIA;da specificare;;;;snc;Tamponamento;Rotatoria;Una carreggiata a senso unico di marcia;Asciutto;In cubetti di porfido;Verticale ed orizzontale;Sereno;Scarso;Sufficiente;Sufficiente;0;0;0;5;12,48217;41,89603;-1;2;Autovettura privata;In marcia / fermata / arresto;Conducente;M;Illeso;0;;;
2816874;1;16/05/2016 05:00;Strada Urbana;PIAZZA VENEZIA;da specificare;;;;snc;Tamponamento;Rotatoria;Una carreggiata a senso unico di marcia;Asciutto;In cubetti di porfido;Verticale ed orizzontale;Sereno;Scarso;Sufficiente;Sufficiente;0;0;0;5;12,48217;41,89603;-1;2;Autovettura privata;In marcia / fermata / arresto;Passeggero;M;Illeso;0;;Non accertato;
2816877;11;15/05/2016 16:00;Strada Urbana;VIA CRISTOFORO COLOMBO;in corrispondenza;;del civico n.;137;;Scontro frontale/laterale SX fra veicoli in marcia;Rettilineo;Più di due carreggiate;Asciutto;Asfaltata;Verticale ed orizzontale;Nuvoloso;Normale;Buona;Ore Diurne;0;0;0;10;12,49703;41,86592;-1;1;Autocaravan;In marcia / fermata / arresto;Conducente;M;Illeso;0;;Utilizzato;Inesploso
2816877;11;15/05/2016 16:00;Strada Urbana;VIA CRISTOFORO COLOMBO;in corrispondenza;;del civico n.;137;;Scontro frontale/laterale SX fra veicoli in marcia;Rettilineo;Più di due carreggiate;Asciutto;Asfaltata;Verticale ed orizzontale;Nuvoloso;Normale;Buona;Ore Diurne;0;0;0;10;12,49703;41,86592;-1;1;Autocaravan;In marcia / fermata / arresto;Passeggero;F;Illeso;0;;Non accertato;Inesistente
2816877;11;15/05/2016 16:00;Strada Urbana;VIA CRISTOFORO COLOMBO;in corrispondenza;;del civico n.;137;;Scontro frontale/laterale SX fra veicoli in marcia;Rettilineo;Più di due carreggiate;Asciutto;Asfaltata;Verticale ed orizzontale;Nuvoloso;Normale;Buona;Ore Diurne;0;0;0;10;12,49703;41,86592;-1;1;Autocaravan;In marcia / fermata / arresto;Passeggero;M;Illeso;0;;Utilizzato;Inesistente
2816877;11;15/05/2016 16:00;Strada Urbana;VIA CRISTOFORO COLOMBO;in corrispondenza;;del civico n.;137;;Scontro frontale/laterale SX fra veicoli in marcia;Rettilineo;Più di due carreggiate;Asciutto;Asfaltata;Verticale ed orizzontale;Nuvoloso;Normale;Buona;Ore Diurne;0;0;0;10;12,49703;41,86592;-1;1;Autocaravan;In marcia / fermata / arresto;Passeggero;M;Illeso;0;;Non accertato;Inesistente
2816877;11;15/05/2016 16:00;Strada Urbana;VIA CRISTOFORO COLOMBO;in corrispondenza;;del civico n.;137;;Scontro frontale/laterale SX fra veicoli in marcia;Rettilineo;Più di due carreggiate;Asciutto;Asfaltata;Verticale ed orizzontale;Nuvoloso;Normale;Buona;Ore Diurne;0;0;0;10;12,49703;41,86592;-1;1;Autocaravan;In marcia / fermata / arresto;Passeggero;F;Illeso;0;;Non accertato;Inesistente
2816877;11;15/05/2016 16:00;Strada Urbana;VIA CRISTOFORO COLOMBO;in corrispondenza;;del civico n.;137;;Scontro frontale/laterale SX fra veicoli in marcia;Rettilineo;Più di due carreggiate;Asciutto;Asfaltata;Verticale ed orizzontale;Nuvoloso;Normale;Buona;Ore Diurne;0;0;0;10;12,49703;41,86592;-1;2;Autovettura privata;In marcia / fermata / arresto;Conducente;M;Illeso;0;;Utilizzato;Inesistente
2816877;11;15/05/2016 16:00;Strada Urbana;VIA CRISTOFORO COLOMBO;in corrispondenza;;del civico n.;137;;Scontro frontale/laterale SX fra veicoli in marcia;Rettilineo;Più di due carreggiate;Asciutto;Asfaltata;Verticale ed orizzontale;Nuvoloso;Normale;Buona;Ore Diurne;0;0;0;10;12,49703;41,86592;-1;2;Autovettura privata;In marcia / fermata / arresto;Passeggero;F;Illeso;0;;Non accertato;Inesistente
2816877;11;15/05/2016 16:00;Strada Urbana;VIA CRISTOFORO COLOMBO;in corrispondenza;;del civico n.;137;;Scontro frontale/laterale SX fra veicoli in marcia;Rettilineo;Più di due carreggiate;Asciutto;Asfaltata;Verticale ed orizzontale;Nuvoloso;Normale;Buona;Ore Diurne;0;0;0;10;12,49703;41,86592;-1;2;Autovettura privata;In marcia / fermata / arresto;Passeggero;F;Illeso;0;;Non accertato;Inesistente
2816877;11;15/05/2016 16:00;Strada Urbana;VIA CRISTOFORO COLOMBO;in corrispondenza;;del civico n.;137;;Scontro frontale/laterale SX fra veicoli in marcia;Rettilineo;Più di due carreggiate;Asciutto;Asfaltata;Verticale ed orizzontale;Nuvoloso;Normale;Buona;Ore Diurne;0;0;0;10;12,49703;41,86592;-1;2;Autovettura privata;In marcia / fermata / arresto;Passeggero;F;Illeso;0;;Non accertato;Inesistente
2816877;11;15/05/2016 16:00;Strada Urbana;VIA CRISTOFORO COLOMBO;in corrispondenza;;del civico n.;137;;Scontro frontale/laterale SX fra veicoli in marcia;Rettilineo;Più di due carreggiate;Asciutto;Asfaltata;Verticale ed orizzontale;Nuvoloso;Normale;Buona;Ore Diurne;0;0;0;10;12,49703;41,86592;-1;2;Autovettura privata;In marcia / fermata / arresto;Passeggero;M;Illeso;0;;Non accertato;Inesploso
2816879;11;15/05/2016 13:30;Strada Urbana;VIA CRISTOFORO COLOMBO;all'intersezione semaforizzata con;VIA GIOVANNI GENOCCHI;VIA GIOVANNI GENOCCHI;;;Scontro frontale/laterale SX fra veicoli in marcia;Intersezione semaforizzata;Più di due carreggiate;Asciutto;Asfaltata;Verticale ed orizzontale;Nuvoloso;Normale;Buona;Ore Diurne;0;0;0;2;12,49602;41,85888;-1;1;Motociclo a solo;In marcia / fermata / arresto;Conducente;M;Illeso;0;;Non accertato;
2816879;11;15/05/2016 13:30;Strada Urbana;VIA CRISTOFORO COLOMBO;all'intersezione semaforizzata con;VIA GIOVANNI GENOCCHI;VIA GIOVANNI GENOCCHI;;;Scontro frontale/laterale SX fra veicoli in marcia;Intersezione semaforizzata;Più di due carreggiate;Asciutto;Asfaltata;Verticale ed orizzontale;Nuvoloso;Normale;Buona;Ore Diurne;0;0;0;2;12,49602;41,85888;-1;2;Autovettura privata;In marcia / fermata / arresto;Conducente;M;Illeso;0;;Non accertato;Inesploso
2816887;12;14/05/2016 15:00;Provinciale;VIA PONTINA;in corrispondenza;;della chilometrica;18.6;;Tamponamento Multiplo;Curva senza visuale libera;Due carreggiate;Bagnato (pioggia);Asfaltata;Verticale ed orizzontale;Pioggia in atto;Normale;Buona;Ore Diurne;1;0;0;2;12,45136;41,7912;-1;1;Autovettura privata;In marcia / fermata / arresto;Conducente;M;Illeso;0;;Utilizzato;Inesploso
2816887;12;14/05/2016 15:00;Provinciale;VIA PONTINA;in corrispondenza;;della chilometrica;18.6;;Tamponamento Multiplo;Curva senza visuale libera;Due carreggiate;Bagnato (pioggia);Asfaltata;Verticale ed orizzontale;Pioggia in atto;Normale;Buona;Ore Diurne;1;0;0;2;12,45136;41,7912;-1;2;Autovettura privata;In marcia / fermata / arresto;Conducente;M;Rimandato;0;NON DECEDUTO;Utilizzato;Esploso
2816887;12;14/05/2016 15:00;Provinciale;VIA PONTINA;in corrispondenza;;della chilometrica;18.6;;Tamponamento Multiplo;Curva senza visuale libera;Due carreggiate;Bagnato (pioggia);Asfaltata;Verticale ed orizzontale;Pioggia in atto;Normale;Buona;Ore Diurne;1;0;0;2;12,45136;41,7912;-1;3;Autovettura privata;In marcia / fermata / arresto;Conducente;F;Illeso;0;;Non accertato;Inesistente
2816898;4;14/05/2016 13:55;Strada Urbana;VIA MONTE SUBASIO;in prossimità;;del civico n.;3;;Scontro laterale fra veicoli in marcia;Rettilineo;Una carreggiata a senso unico di marcia;Asciutto;Asfaltata;Verticale ed orizzontale;Sereno;Normale;Buona;Ore Diurne;0;0;0;2;12,53571;41,93536;-1;1;Autovettura privata;In marcia / fermata / arresto;Conducente;M;Illeso;0;;Non accertato;
2816898;4;14/05/2016 13:55;Strada Urbana;VIA MONTE SUBASIO;in prossimità;;del civico n.;3;;Scontro laterale fra veicoli in marcia;Rettilineo;Una carreggiata a senso unico di marcia;Asciutto;Asfaltata;Verticale ed orizzontale;Sereno;Normale;Buona;Ore Diurne;0;0;0;2;12,53571;41,93536;-1;2;Autovettura privata;In marcia / fermata / arresto;Conducente;M;Illeso;0;;Non accertato;
2816912;17;14/05/2016 19:00;Strada Urbana;CIRCONVALLAZIONE TRIONFALE;all'intersezione con;VIA PASQUALE GALLUPPI;VIA PASQUALE GALLUPPI;;;Investimento di pedone;Intersezione stradale segnalata;Due carreggiate;Asciutto;Asfaltata;Verticale ed orizzontale;Sereno;Normale;Buona;Ore Diurne;1;0;0;1;12,44966;41,91158;-1;;;;Pedone;F;Rimandato;0;NON DECEDUTO;;
2816912;17;14/05/2016 19:00;Strada Urbana;CIRCONVALLAZIONE TRIONFALE;all'intersezione con;VIA PASQUALE GALLUPPI;VIA PASQUALE GALLUPPI;;;Investimento di pedone;Intersezione stradale segnalata;Due carreggiate;Asciutto;Asfaltata;Verticale ed orizzontale;Sereno;Normale;Buona;Ore Diurne;1;0;0;1;12,44966;41,91158;-1;1;Autovettura privata;In marcia / fermata / arresto;Conducente;M;Illeso;0;;;