Protocollo;Gruppo;DataOraIncidente;Localizzazione1;STRADA1;Localizzazione2;STRADA2;Strada02;Chilometrica;DaSpecificare;NaturaIncidente;particolaritastrade;TipoStrada;FondoStradale;Pavimentazione;Segnaletica;CondizioneAtmosferica;Traffico;Visibilita;Illuminazione;NUM_FERITI;NUM_RISERVATA;NUM_MORTI;NUM_ILLESI;Longitudine;Latitudine;Confermato;Progressivo;TipoVeicolo;StatoVeicolo;TipoPersona;Sesso;Tipolesione;Deceduto;DecedutoDopo;CinturaCascoUtilizzato;Airbag
2837714;3;29/05/2016 16:20;Strada Urbana;VIALE REGINA MARGHERITA;all'intersezione con;VIA GIOVANNI BATTISTA MORGAGNI;VIA GIOVANNI BATTISTA MORGAGNI;;;Scontro frontale/laterale DX fra veicoli in marcia;Intersezione semaforizzata;Una carreggiata a doppio senso;Asciutto;Asfaltata;Verticale ed orizzontale;Sereno;Scarso;Buona;Ore Diurne;1;0;0;5;12,50613;41,91327;-1;2;Autovettura privata;In marcia / fermata / arresto;Passeggero;F;Illeso;0;;Non accertato;Inesploso
2837722;16;28/05/2016 16:30;Strada Urbana;VIA AURELIA ANTICA;da specificare;;;;altezza palo ACEA  91;Scontro laterale fra veicoli in marcia;Curva a visuale libera;Una carreggiata a doppio senso;Asciutto;Asfaltata;Verticale;Sereno;Normale;Buona;Ore Diurne;3;0;0;0;12,43494;41,89015;-1;1;Autovettura privata;In marcia / fermata / arresto;Conducente;M;Rimandato;0;NON DECEDUTO;Non accertato;Esploso
2837722;16;28/05/2016 16:30;Strada Urbana;VIA AURELIA ANTICA;da specificare;;;;altezza palo ACEA  91;Scontro laterale fra veicoli in marcia;Curva a visuale libera;Una carreggiata a doppio senso;Asciutto;Asfaltata;Verticale;Sereno;Normale;Buona;Ore Diurne;3;0;0;0;12,43494;41,89015;-1;1;Autovettura privata;In marcia / fermata / arresto;Passeggero;F;Rimandato;0;NON DECEDUTO;Non accertato;Esploso
2837722;16;28/05/2016 16:30;Strada Urbana;VIA AURELIA ANTICA;da specificare;;;;altezza palo ACEA  91;Scontro laterale fra veicoli in marcia;Curva a visuale libera;Una carreggiata a doppio senso;Asciutto;Asfaltata;Verticale;Sereno;Normale;Buona;Ore Diurne;3;0;0;0;12,43494;41,89015;-1;2;Autovettura privata;In marcia / fermata / arresto;Conducente;M;Rimandato;0;NON DECEDUTO;Non accertato;Esploso
2837723;16;28/05/2016 09:50;Strada Urbana;VIA OTTAVIO GASPARRI;all'intersezione semaforizzata con;CIRCONVALLAZIONE GIANICOLENSE;CIRCONVALLAZIONE GIANICOLENSE;;;Scontro laterale fra veicoli in marcia;Incrocio;Due carreggiate;Asciutto;Asfaltata;Verticale ed orizzontale;Sereno;Scarso;Sufficiente;Sufficiente;0;0;0;2;12,44279;41,87725;-1;1;Autovettura privata;In marcia / fermata / arresto;Conducente;F;Illeso;0;;Non accertato;Inesploso
2837723;16;28/05/2016 09:50;Strada Urbana;VIA OTTAVIO GASPARRI;all'intersezione semaforizzata con;CIRCONVALLAZIONE GIANICOLENSE;CIRCONVALLAZIONE GIANICOLENSE;;;Scontro laterale fra veicoli in marcia;Incrocio;Due carreggiate;Asciutto;Asfaltata;Verticale ed orizzontale;Sereno;Scarso;Sufficiente;Sufficiente;0;0;0;2;12,44279;41,87725;-1;2;Autovettura privata;In marcia / fermata / arresto;Conducente;M;Illeso;0;;Non accertato;Inesploso
2837742;16;28/05/2016 10:00;Strada Urbana;VIALE ISACCO NEWTON;all'intersezione con;VIA VINCENZO USSANI;VIA VINCENZO USSANI;;;Veicolo in marcia contro veicolo fermo;Incrocio;Due carreggiate;Asciutto;Asfaltata;Verticale ed orizzontale;Sereno;Intenso;Buona;Ore Diurne;0;0;0;4;12,44235;41,84874;-1;1;Autovettura privata;In marcia / fermata / arresto;Conducente;M;Illeso;0;;Non accertato;Inesploso
2837742;16;28/05/2016 10:00;Strada Urbana;VIALE ISACCO NEWTON;all'intersezione con;VIA VINCENZO USSANI;VIA VINCENZO USSANI;;;Veicolo in marcia contro veicolo fermo;Incrocio;Due carreggiate;Asciutto;Asfaltata;Verticale ed orizzontale;Sereno;Intenso;Buona;Ore Diurne;0;0;0;4;12,44235;41,84874;-1;1;Autovettura privata;In marcia / fermata / arresto;Passeggero;F;Illeso;0;;Non accertato;Inesploso
2837742;16;28/05/2016 10:00;Strada Urbana;VIALE ISACCO NEWTON;all'intersezione con;VIA VINCENZO USSANI;VIA VINCENZO USSANI;;;Veicolo in marcia contro veicolo fermo;Incrocio;Due carreggiate;Asciutto;Asfaltata;Verticale ed orizzontale;Sereno;Intenso;Buona;Ore Diurne;0;0;0;4;12,44235;41,84874;-1;2;Autocarro inferiore 35 q.;In marcia / fermata / arresto;Conducente;M;Illeso;0;;Non accertato;Inesploso
2837742;16;28/05/2016 10:00;Strada Urbana;VIALE ISACCO NEWTON;all'intersezione con;VIA VINCENZO USSANI;VIA VINCENZO USSANI;;;Veicolo in marcia contro veicolo fermo;Incrocio;Due carreggiate;Asciutto;Asfaltata;Verticale ed orizzontale;Sereno;Intenso;Buona;Ore Diurne;0;0;0;4;12,44235;41,84874;-1;2;Autocarro inferiore 35 q.;In marcia / fermata / arresto;Passeggero;F;Illeso;0;;Non accertato;Inesploso
2837773;16;28/05/2016 14:00;Strada Urbana;VIA FONTEIANA;all'intersezione semaforizzata con;VIA COSMO DE TORRES;VIA COSMO DE TORRES;;;Scontro laterale fra veicoli in marcia;Intersezione semaforizzata;Una carreggiata a doppio senso;Asciutto;Asfaltata;Verticale ed orizzontale;Sereno;Normale;Buona;Ore Diurne;1;0;0;2;12,45437;41,8806;-1;1;Autovettura privata;In marcia / fermata / arresto;Conducente;M;Illeso;0;;Non accertato;Inesploso
2837773;16;28/05/2016 14:00;Strada Urbana;VIA FONTEIANA;all'intersezione semaforizzata con;VIA COSMO DE TORRES;VIA COSMO DE TORRES;;;Scontro laterale fra veicoli in marcia;Intersezione semaforizzata;Una carreggiata a doppio senso;Asciutto;Asfaltata;Verticale ed orizzontale;Sereno;Normale;Buona;Ore Diurne;1;0;0;2;12,45437;41,8806;-1;2;Motociclo a solo;In marcia / fermata / arresto;Conducente;M;Illeso;0;;Non accertato;
2837773;16;28/05/2016 14:00;Strada Urbana;VIA FONTEIANA;all'intersezione semaforizzata con;VIA COSMO DE TORRES;VIA COSMO DE TORRES;;;Scontro laterale fra veicoli in marcia;Intersezione semaforizzata;Una carreggiata a doppio senso;Asciutto;Asfaltata;Verticale ed orizzontale;Sereno;Normale;Buona;Ore Diurne;1;0;0;2;12,45437;41,8806;-1;2;Motociclo a solo;In marcia / fermata / arresto;Passeggero;F;Rimandato;0;NON DECEDUTO;Non accertato;
2837794;6;30/05/2016 13:20;Strada Urbana;VIA NORMA;da specificare;;;;alt. VIA SEZZE;Veicolo in marcia contro ostacolo accidentale;Rettilineo;Una carreggiata a senso unico di marcia;Asciutto;Asfaltata;Assente;Nuvoloso;Scarso;Buona;Ore Diurne;0;0;0;1;12,54844;41,88761;-1;1;Autovettura privata;In marcia / fermata / arresto;Conducente;M;Illeso;0;;;
2837809;6;30/05/2016 14:30;Strada Urbana;VIA FEDERICO DELPINO;in corrispondenza;;del civico n.;1;;Tamponamento;Rettilineo;Due carreggiate;Asciutto;Asfaltata;Verticale ed orizzontale;Sereno;Normale;Buona;Ore Diurne;1;0;0;2;12,56067;41,89077;-1;1;Autovettura di polizia;In marcia / fermata / arresto;Conducente;M;Illeso;0;;Non accertato;Inesploso
2837809;6;30/05/2016 14:30;Strada Urbana;VIA FEDERICO DELPINO;in corrispondenza;;del civico n.;1;;Tamponamento;Rettilineo;Due carreggiate;Asciutto;Asfaltata;Verticale ed orizzontale;Sereno;Normale;Buona;Ore Diurne;1;0;0;2;12,56067;41,89077;-1;1;Autovettura di polizia;In marcia / fermata / arresto;Passeggero;M;Illeso;0;;;
2837809;6;30/05/2016 14:30;Strada Urbana;VIA FEDERICO DELPINO;in corrispondenza;;del civico n.;1;;Tamponamento;Rettilineo;Due carreggiate;Asciutto;Asfaltata;Verticale ed orizzontale;Sereno;Normale;Buona;Ore Diurne;1;0;0;2;12,56067;41,89077;-1;2;Autovettura privata;In marcia / fermata / arresto;Conducente;M;Rimandato;0;NON DECEDUTO;;Inesploso
2837811;12;30/05/2016 03:30;Strada Urbana;VIA SILVIO D'AMICO;in corrispondenza;;del civico n.;115;;Veicolo in marcia contro ostacolo fisso;Rettilineo;Due carreggiate;Asciutto;Asfaltata;Verticale ed orizzontale;Sereno;Scarso;Buona;Sufficiente;0;0;0;2;12,48097;41,85032;-1;1;Autovettura privata;In marcia / fermata / arresto;Conducente;M;Illeso;0;;Non accertato;Inesploso
2837811;12;30/05/2016 03:30;Strada Urbana;VIA SILVIO D'AMICO;in corrispondenza;;del civico n.;115;;Veicolo in marcia contro ostacolo fisso;Rettilineo;Due carreggiate;Asciutto;Asfaltata;Verticale ed orizzontale;Sereno;Scarso;Buona;Sufficiente;0;0;0;2;12,48097;41,85032;-1;1;Autovettura privata;In marcia / fermata / arresto;Passeggero;M;Illeso;0;;Non accertato;Inesploso
2837823;18;30/05/2016 09:30;Strada Urbana;VIA NOSTRA SIGNORA DI LOURDES;da specificare;;;;PROSSIMITA' FRONTE CIVICO 25;Scontro laterale fra veicoli in marcia;Rettilineo;Una carreggiata a doppio senso;Asciutto;Asfaltata;Orizzontale;Sereno;Normale;Buona;Ore Diurne;0;0;0;2;12,42908;41,90317;-1;1;Autovettura privata;In marcia / fermata / arresto;Conducente;M;Illeso;0;;;
2837823;18;30/05/2016 09:30;Strada Urbana;VIA NOSTRA SIGNORA DI LOURDES;da specificare;;;;PROSSIMITA' FRONTE CIVICO 25;Scontro laterale fra veicoli in marcia;Rettilineo;Una carreggiata a doppio senso;Asciutto;Asfaltata;Orizzontale;Sereno;Normale;Buona;Ore Diurne;0;0;0;2;12,42908;41,90317;-1;2;Autovettura privata;In marcia / fermata / arresto;Conducente;M;Illeso;0;;;
2837826;18;30/05/2016 13:15;Strada Urbana;VIA DI BOCCEA;in prossimità;;del civico n.;260;;Veicolo in marcia contro ostacolo accidentale;Rettilineo;Una carreggiata a doppio senso;Asciutto;Asfaltata;Verticale ed orizzontale;Sereno;Normale;Buona;Ore Diurne;0;0;0;1;12,41906;41,90372;-1;1;Autovettura privata;In marcia / fermata / arresto;Conducente;M;Illeso;0;;Non accertato;Inesploso
2837837;16;28/05/2016 13:15;Strada Urbana;VIA LORENZO VALLA;all'intersezione con;VIA VINCENZO MONTI;VIA VINCENZO MONTI;;;Scontro frontale fra veicoli in marcia;Intersezione stradale segnalata;Una carreggiata a doppio senso;Asciutto;Asfaltata;Verticale ed orizzontale;Sereno;Scarso;Buona;Ore Diurne;0;0;0;2;12,46343;41,87459;-1;1;Autovettura privata;In marcia / fermata / arresto;Conducente;M;Illeso;0;;Non accertato;Inesploso
2837837;16;28/05/2016 13:15;Strada Urbana;VIA LORENZO VALLA;all'intersezione con;VIA VINCENZO MONTI;VIA VINCENZO MONTI;;;Scontro frontale fra veicoli in marcia;Intersezione stradale segnalata;Una carreggiata a doppio senso;Asciutto;Asfaltata;Verticale ed orizzontale;Sereno;Scarso;Buona;Ore Diurne;0;0;0;2;12,46343;41,87459;-1;2;Autovettura privata;In marcia / fermata / arresto;Conducente;M;Illeso;0;;Non accertato;Inesploso
2837855;16;29/05/2016 19:20;Strada Urbana;PIAZZA S. GIOVANNI DI DIO;da specificare;;;;fronte civico 5 (lato mercato);Scontro frontale/laterale DX fra veicoli in marcia;Rettilineo;Più di due carreggiate;Asciutto;Asfaltata;Verticale ed orizzontale;Sereno;Normale;Buona;Ore Diurne;0;0;0;3;12,44664;41,87448;-1;1;Autovettura privata;In marcia / fermata / arresto;Conducente;M;Illeso;0;;Non accertato;Inesploso
2837855;16;29/05/2016 19:20;Strada Urbana;PIAZZA S. GIOVANNI DI DIO;da specificare;;;;fronte civico 5 (lato mercato);Scontro frontale/laterale DX fra veicoli in marcia;Rettilineo;Più di due carreggiate;Asciutto;Asfaltata;Verticale ed orizzontale;Sereno;Normale;Buona;Ore Diurne;0;0;0;3;12,44664;41,87448;-1;1;Autovettura privata;In marcia / fermata / arresto;Passeggero;F;Illeso;0;;Non accertato;Inesploso
2837855;16;29/05/2016 19:20;Strada Urbana;PIAZZA S. GIOVANNI DI DIO;da specificare;;;;fronte civico 5 (lato mercato);Scontro frontale/laterale DX fra veicoli in marcia;Rettilineo;Più di due carreggiate;Asciutto;Asfaltata;Verticale ed orizzontale;Sereno;Normale;Buona;Ore Diurne;0;0;0;3;12,44664;41,87448;-1;2;Autovettura di polizia;In marcia / fermata / arresto;Conducente;M;Illeso;0;;Non accertato;Inesploso
2837878;16;29/05/2016 23:15;Strada Urbana;VIA PALAU;in prossimità;;del civico n.;81;;Scontro frontale/laterale SX fra veicoli in marcia;Rettilineo;Una carreggiata a doppio senso;Asciutto;Asfaltata;Orizzontale;Sereno;Scarso;Sufficiente;Sufficiente;0;0;0;3;12,35317;41,81839;-1;1;Autovettura privata;In marcia / fermata / arresto;Conducente;M;Illeso;0;;;
2837878;16;29/05/2016 23:15;Strada Urbana;VIA PALAU;in prossimità;;del civico n.;81;;Scontro frontale/laterale SX fra veicoli in marcia;Rettilineo;Una carreggiata a doppio senso;Asciutto;Asfaltata;Orizzontale;Sereno;Scarso;Sufficiente;Sufficiente;0;0;0;3;12,35317;41,81839;-1;1;Autovettura privata;In marcia / fermata / arresto;Passeggero;F;Illeso;0;;;
2837878;16;29/05/2016 23:15;Strada Urbana;VIA PALAU;in prossimità;;del civico n.;81;;Scontro frontale/laterale SX fra veicoli in marcia;Rettilineo;Una carreggiata a doppio senso;Asciutto;Asfaltata;Orizzontale;Sereno;Scarso;Sufficiente;Sufficiente;0;0;0;3;12,35317;41,81839;-1;1;Autovettura privata;In marcia / fermata / arresto;Passeggero;F;Illeso;0;;;
2837902;16;29/05/2016 17:00;Strada Urbana;VIA ILDEBRANDO DELLA GIOVANNA;da specificare;;;;fronte civico 71;Veicolo in marcia contro ostacolo accidentale;Rettilineo;Una carreggiata a doppio senso;Asciutto;Asfaltata;Verticale ed orizzontale;Sereno;Scarso;Buona;Ore Diurne;0;0;0;1;12,34379;41,87591;-1;1;Autovettura privata;In marcia / fermata / arresto;Conducente;M;Illeso;0;;Non accertato;Inesploso
2837918;17;29/05/2016 19:00;Strada Urbana;VIALE VATICANO;da specificare;;;;fronte civico 56;Tamponamento;Rettilineo;Una carreggiata a doppio senso;Asciutto;Asfaltata;Assente;Sereno;Normale;Buona;Sufficiente;3;0;0;5;12,44872;41,90434;-1;1;Autovettura privata;In marcia / fermata / arresto;Conducente;M;Rifiuta cure immediate;0;NON DECEDUTO;Non accertato;Inesploso
2837918;17;29/05/2016 19:00;Strada Urbana;VIALE VATICANO;da specificare;;;;fronte civico 56;Tamponamento;Rettilineo;Una carreggiata a doppio senso;Asciutto;Asfaltata;Assente;Sereno;Normale;Buona;Sufficiente;3;0;0;5;12,44872;41,90434;-1;1;Autovettura privata;In marcia / fermata / arresto;Passeggero;F;Rimandato;0;NON DECEDUTO;Non accertato;Inesploso
2837918;17;29/05/2016 19:00;Strada Urbana;VIALE VATICANO;da specificare;;;;fronte civico 56;Tamponamento;Rettilineo;Una carreggiata a doppio senso;Asciutto;Asfaltata;Assente;Sereno;Normale;Buona;Sufficiente;3;0;0;5;12,44872;41,90434;-1;1;Autovettura privata;In marcia / fermata / arresto;Passeggero;F;Rifiuta cure immediate;0;NON DECEDUTO;Non accertato;Inesploso
2837918;17;29/05/2016 19:00;Strada Urbana;VIALE VATICANO;da specificare;;;;fronte civico 56;Tamponamento;Rettilineo;Una carreggiata a doppio senso;Asciutto;Asfaltata;Assente;Sereno;Normale;Buona;Sufficiente;3;0;0;5;12,44872;41,90434;-1;2;Autovettura privata;In marcia / fermata / arresto;Conducente;M;Illeso;0;;Non accertato;Inesploso
2837918;17;29/05/2016 19:00;Strada Urbana;VIALE VATICANO;da specificare;;;;fronte civico 56;Tamponamento;Rettilineo;Una carreggiata a doppio senso;Asciutto;Asfaltata;Assente;Sereno;Normale;Buona;Sufficiente;3;0;0;5;12,44872;41,90434;-1;2;Autovettura privata;In marcia / fermata / arresto;Passeggero;F;Illeso;0;;Non accertato;Inesploso
2837918;17;29/05/2016 19:00;Strada Urbana;VIALE VATICANO;da specificare;;;;fronte civico 56;Tamponamento;Rettilineo;Una carreggiata a doppio senso;Asciutto;Asfaltata;Assente;Sereno;Normale;Buona;Sufficiente;3;0;0;5;12,44872;41,90434;-1;2;Autovettura privata;In marcia / fermata / arresto;Passeggero;F;Illeso;0;;Non accertato;Inesploso
2837918;17;29/05/2016 19:00;Strada Urbana;VIALE VATICANO;da specificare;;;;fronte civico 56;Tamponamento;Rettilineo;Una carreggiata a doppio senso;Asciutto;Asfaltata;Assente;Sereno;Normale;Buona;Sufficiente;3;0;0;5;12,44872;41,90434;-1;2;Autovettura privata;In marcia / fermata / arresto;Passeggero;F;Illeso;0;;Non accertato;Inesploso
2837918;17;29/05/2016 19:00;Strada Urbana;VIALE VATICANO;da specificare;;;;fronte civico 56;Tamponamento;Rettilineo;Una carreggiata a doppio senso;Asciutto;Asfaltata;Assente;Sereno;Normale;Buona;Sufficiente;3;0;0;5;12,44872;41,90434;-1;2;Autovettura privata;In marcia / fermata / arresto;Passeggero;M;Illeso;0;;Non accertato;Inesploso
2837937;9;30/05/2016 17:25;Strada Urbana;PIAZZA DI PONTE LUNGO;all'intersezione semaforizzata con;PIAZZA CAMILLO FINOCCHIARO APRILE;PIAZZA CAMILLO FINOCCHIARO APRILE;;;Tamponamento;Intersezione semaforizzata;Due carreggiate;Asciutto;Asfaltata;Verticale ed orizzontale;Sereno;Intenso;Buona;Ore Diurne;2;0;0;3;12,51866;41,87822;-1;1;Autovettura pubblica;In marcia / fermata / arresto;Conducente;M;Illeso;0;;Non accertato;
2837937;9;30/05/2016 17:25;Strada Urbana;PIAZZA DI PONTE LUNGO;all'intersezione semaforizzata con;PIAZZA CAMILLO FINOCCHIARO APRILE;PIAZZA CAMILLO FINOCCHIARO APRILE;;;Tamponamento;Intersezione semaforizzata;Due carreggiate;Asciutto;Asfaltata;Verticale ed orizzontale;Sereno;Intenso;Buona;Ore Diurne;2;0;0;3;12,51866;41,87822;-1;1;Autovettura pubblica;In marcia / fermata / arresto;Passeggero;F;Rimandato;0;NON DECEDUTO;Non accertato;Inesploso
2837937;9;30/05/2016 17:25;Strada Urbana;PIAZZA DI PONTE LUNGO;all'intersezione semaforizzata con;PIAZZA CAMILLO FINOCCHIARO APRILE;PIAZZA CAMILLO FINOCCHIARO APRILE;;;Tamponamento;Intersezione semaforizzata;Due carreggiate;Asciutto;Asfaltata;Verticale ed orizzontale;Sereno;Intenso;Buona;Ore Diurne;2;0;0;3;12,51866;41,87822;-1;1;Autovettura pubblica;In marcia / fermata / arresto;Passeggero;F;Rimandato;0;NON DECEDUTO;Non accertato;Inesploso
2837937;9;30/05/2016 17:25;Strada Urbana;PIAZZA DI PONTE LUNGO;all'intersezione semaforizzata con;PIAZZA CAMILLO FINOCCHIARO APRILE;PIAZZA CAMILLO FINOCCHIARO APRILE;;;Tamponamento;Intersezione semaforizzata;Due carreggiate;Asciutto;Asfaltata;Verticale ed orizzontale;Sereno;Intenso;Buona;Ore Diurne;2;0;0;3;12,51866;41,87822;-1;2;Autovettura privata;In marcia / fermata / arresto;Conducente;M;Illeso;0;;Non accertato;Inesploso
2837937;9;30/05/2016 17:25;Strada Urbana;PIAZZA DI PONTE LUNGO;all'intersezione semaforizzata con;PIAZZA CAMILLO FINOCCHIARO APRILE;PIAZZA CAMILLO FINOCCHIARO APRILE;;;Tamponamento;Intersezione semaforizzata;Due carreggiate;Asciutto;Asfaltata;Verticale ed orizzontale;Sereno;Intenso;Buona;Ore Diurne;2;0;0;3;12,51866;41,87822;-1;2;Autovettura privata;In marcia / fermata / arresto;Passeggero;M;Illeso;0;;Non accertato;Inesploso
2837972;16;29/05/2016;Strada Urbana;VIA ATTILIO AMBROSINI;da specificare;;;;in corrispondenza Via dell'Accademia degli Agiati;Scontro frontale/laterale DX fra veicoli in marcia;Rettilineo;Due carreggiate;Asciutto;Asfaltata;Verticale ed orizzontale;Sereno;Scarso;Sufficiente;Sufficiente;0;0;0;2;12,49123;41,85006;-1;1;Autovettura privata;In marcia / fermata / arresto;Conducente;M;Illeso;0;;Non accertato;Inesploso
2837972;16;29/05/2016;Strada Urbana;VIA ATTILIO AMBROSINI;da specificare;;;;in corrispondenza Via dell'Accademia degli Agiati;Scontro frontale/laterale DX fra veicoli in marcia;Rettilineo;Due carreggiate;Asciutto;Asfaltata;Verticale ed orizzontale;Sereno;Scarso;Sufficiente;Sufficiente;0;0;0;2;12,49123;41,85006;-1;2;Autovettura privata;In marcia / fermata / arresto;Conducente;F;Illeso;0;;Non accertato;Inesploso
2838078;6;30/05/2016 17:45;Strada Urbana;VIA AUGUSTO DULCERI;all'intersezione con;VIA ZENODOSSIO;VIA ZENODOSSIO;;;Scontro laterale fra veicoli in marcia;Incrocio;Una carreggiata a doppio senso;Asciutto;Asfaltata;Verticale ed orizzontale;Nuvoloso;Normale;Buona;Ore Diurne;3;0;0;0;12,53784;41,88407;-1;1;Motociclo con passeggero;In marcia / fermata / arresto;Conducente;M;Rimandato;0;NON DECEDUTO;;
2838078;6;30/05/2016 17:45;Strada Urbana;VIA AUGUSTO DULCERI;all'intersezione con;VIA ZENODOSSIO;VIA ZENODOSSIO;;;Scontro laterale fra veicoli in marcia;Incrocio;Una carreggiata a doppio senso;Asciutto;Asfaltata;Verticale ed orizzontale;Nuvoloso;Normale;Buona;Ore Diurne;3;0;0;0;12,53784;41,88407;-1;1;Motociclo con passeggero;In marcia / fermata / arresto;Passeggero;F;Rimandato;0;NON DECEDUTO;;
2838078;6;30/05/2016 17:45;Strada Urbana;VIA AUGUSTO DULCERI;all'intersezione con;VIA ZENODOSSIO;VIA ZENODOSSIO;;;Scontro laterale fra veicoli in marcia;Incrocio;Una carreggiata a doppio senso;Asciutto;Asfaltata;Verticale ed orizzontale;Nuvoloso;Normale;Buona;Ore Diurne;3;0;0;0;12,53784;41,88407;-1;2;Motociclo a solo;In marcia / fermata / arresto;Conducente;M;Rifiuta cure immediate;0;NON DECEDUTO;;
2838083;12;29/05/2016 14:25;Strada Urbana;VIA FRANCOLISE;in corrispondenza;;del civico n.;3;;Veicolo in marcia contro veicolo in sosta;Rettilineo;Una carreggiata a senso unico di marcia;Asciutto;Asfaltata;Verticale;Nuvoloso;Scarso;Buona;Ore Diurne;1;0;0;1;12,50295;41,74195;-1;1;Autovettura privata;In marcia / fermata / arresto;Conducente;M;Illeso;0;;Non accertato;Inesploso
2838083;12;29/05/2016 14:25;Strada Urbana;VIA FRANCOLISE;in corrispondenza;;del civico n.;3;;Veicolo in marcia contro veicolo in sosta;Rettilineo;Una carreggiata a senso unico di marcia;Asciutto;Asfaltata;Verticale;Nuvoloso;Scarso;Buona;Ore Diurne;1;0;0;1;12,50295;41,74195;-1;1;Autovettura privata;In marcia / fermata / arresto;Passeggero;F;Rimandato;0;NON DECEDUTO;Non accertato;Inesploso
2838084;19;30/05/2016 17:00;Strada Urbana;VIA BRACCIANENSE;all'intersezione con;VIA ANTONIO PETITO;VIA ANTONIO PETITO;;;Scontro laterale fra veicoli in marcia;Incrocio;Una carreggiata a doppio senso;Asciutto;Asfaltata;Verticale ed orizzontale;Sereno;Normale;Buona;Ore Diurne;2;0;0;0;12,37578;42,00865;-1;1;Autovettura privata;In marcia / fermata / arresto;Conducente;F;Rifiuta cure immediate;0;NON DECEDUTO;Non accertato;Inesploso
2838084;19;30/05/2016 17:00;Strada Urbana;VIA BRACCIANENSE;all'intersezione con;VIA ANTONIO PETITO;VIA ANTONIO PETITO;;;Scontro laterale fra veicoli in marcia;Incrocio;Una carreggiata a doppio senso;Asciutto;Asfaltata;Verticale ed orizzontale;Sereno;Normale;Buona;Ore Diurne;2;0;0;0;12,37578;42,00865;-1;2;Autovettura privata;In marcia / fermata / arresto;Conducente;F;Rifiuta cure immediate;0;NON DECEDUTO;Non accertato;Inesploso
2838085;16;29/05/2016 07:20;Strada Urbana;VIA FEDERICO OZANAM;da specificare;;;;F.C.67;Veicolo in marcia contro veicoli in sosta;Rettilineo;Una carreggiata a doppio senso;Asciutto;Asfaltata;Verticale ed orizzontale;Sereno;Scarso;Buona;Ore Diurne;0;0;0;1;12,44921;41,87683;-1;1;Autovettura privata;In marcia / fermata / arresto;Conducente;M;Illeso;0;;Non accertato;
2838113;12;30/05/2016 14:20;Strada Urbana;VIALE DEGLI EROI DI CEFALONIA;da specificare;;;;altezza via Dardano Fenulli;Scontro frontale/laterale SX fra veicoli in marcia;Rettilineo;Una carreggiata a senso unico di marcia;Asciutto;Asfaltata;Verticale ed orizzontale;Sereno;Normale;Buona;Ore Diurne;0;0;0;2;12,43866;41,78096;-1;1;Autovettura privata;In marcia / fermata / arresto;Conducente;F;Illeso;0;;Non accertato;Inesploso
2838113;12;30/05/2016 14:20;Strada Urbana;VIALE DEGLI EROI DI CEFALONIA;da specificare;;;;altezza via Dardano Fenulli;Scontro frontale/laterale SX fra veicoli in marcia;Rettilineo;Una carreggiata a senso unico di marcia;Asciutto;Asfaltata;Verticale ed orizzontale;Sereno;Normale;Buona;Ore Diurne;0;0;0;2;12,43866;41,78096;-1;2;Autovettura privata;In marcia / fermata / arresto;Conducente;M;Illeso;0;;Non accertato;Inesploso
2838122;12;30/05/2016 15:30;Strada Urbana;VIA GIAN PIETRO TALAMINI;all'intersezione con;VIA EMILIO COLOMBO;VIA EMILIO COLOMBO;;;Investimento di pedone;Incrocio;Una carreggiata a doppio senso;Asciutto;Asfaltata;Verticale ed orizzontale;Nuvoloso;Normale;Buona;Ore Diurne;1;0;0;3;12,47902;41,76315;-1;;;;Pedone;M;Rimandato;0;NON DECEDUTO;;
2838122;12;30/05/2016 15:30;Strada Urbana;VIA GIAN PIETRO TALAMINI;all'intersezione con;VIA EMILIO COLOMBO;VIA EMILIO COLOMBO;;;Investimento di pedone;Incrocio;Una carreggiata a doppio senso;Asciutto;Asfaltata;Verticale ed orizzontale;Nuvoloso;Normale;Buona;Ore Diurne;1;0;0;3;12,47902;41,76315;-1;1;Autovettura privata;In marcia / fermata / arresto;Conducente;F;Illeso;0;;Non accertato;Inesploso
2838122;12;30/05/2016 15:30;Strada Urbana;VIA GIAN PIETRO TALAMINI;all'intersezione con;VIA EMILIO COLOMBO;VIA EMILIO COLOMBO;;;Investimento di pedone;Incrocio;Una carreggiata a doppio senso;Asciutto;Asfaltata;Verticale ed orizzontale;Nuvoloso;Normale;Buona;Ore Diurne;1;0;0;3;12,47902;41,76315;-1;1;Autovettura privata;In marcia / fermata / arresto;Passeggero;M;Illeso;0;;Non accertato;Inesploso
2838122;12;30/05/2016 15:30;Strada Urbana;VIA GIAN PIETRO TALAMINI;all'intersezione con;VIA EMILIO COLOMBO;VIA EMILIO COLOMBO;;;Investimento di pedone;Incrocio;Una carreggiata a doppio senso;Asciutto;Asfaltata;Verticale ed orizzontale;Nuvoloso;Normale;Buona;Ore Diurne;1;0;0;3;12,47902;41,76315;-1;1;Autovettura privata;In marcia / fermata / arresto;Passeggero;M;Illeso;0;;Non accertato;Inesploso
2838141;12;30/05/2016 18:30;Strada Urbana;VIALE DELL'UMANESIMO;all'intersezione con;VIALE ALGERIA;VIALE ALGERIA;;;Scontro frontale/laterale DX fra veicoli in marcia;Incrocio;Una carreggiata a doppio senso;Asciutto;Asfaltata;Verticale ed orizzontale;Sereno;Normale;Buona;Ore Diurne;0;0;0;2;12,468;41,82365;-1;1;Autocarro inferiore 35 q.;In marcia / fermata / arresto;Conducente;M;Illeso;0;;Non accertato;Inesploso